,Mean,Standard Deviation,Pixel Area
0,12.617833003345394,49.339460029174155,396954.0
1,27.417349710641314,70.3560667760701,396954.0
2,14.965474202819214,52.95006234375682,396954.0
